{"step":3840,"_timestamp":1.7523027115380151e+09,"_step":3844,"val_loss":5.105359509933827,"epoch":4,"_wandb":{"runtime":247},"_runtime":247,"train_loss":5.239092826843262}