{"_wandb":{"runtime":246},"_runtime":246,"train_loss":5.0534868240356445,"step":3840,"_timestamp":1.7523022342485147e+09,"_step":3844,"val_loss":5.1573762727338215,"epoch":4}