{"_step":293,"train_loss":5.201314449310303,"step":294,"_timestamp":1.7523003519033153e+09,"_wandb":{"runtime":19},"_runtime":19}