{"_timestamp":1.7523012684887764e+09,"_step":3844,"train_loss":4.87984037399292,"val_loss":5.112480851106866,"epoch":4,"_wandb":{"runtime":247},"_runtime":247,"step":3840}