{"_runtime":991,"train_loss":1.790059208869934,"val_loss":2.4137771183794197,"_wandb":{"runtime":991},"_step":3859,"step":3840,"epoch":19,"epoch_learning_rate":1e-05,"_timestamp":1.7523053986345947e+09,"avg_train_loss":2.250563266997536,"learning_rate":1e-05}