{"val_loss":5.135741954626039,"epoch":4,"_wandb":{"runtime":247},"_runtime":247,"_step":3844,"train_loss":5.3222336769104,"step":3840,"_timestamp":1.7523006056032023e+09}